train_loss,train_acc,val_loss,val_acc
4.6827719958174745,0.12835512732278045,4.373947827475411,0.16285714285714287
4.203796539976116,0.18341362697866484,4.059855736323765,0.19714285714285715
3.9938408873939384,0.19924294562973158,3.85118098122733,0.22142857142857142
3.781646918528505,0.229525120440468,3.6936453574044363,0.22
3.638383733266317,0.23193392980041294,3.5219593783787317,0.26
3.4519625640456955,0.2663454920853407,3.364027797154018,0.2914285714285714
3.315963882294016,0.2838953888506538,3.2657138320377896,0.2885714285714286
3.2626790069992264,0.29112181693048866,3.1612866265433177,0.2985714285714286
3.1619480228883514,0.30626290433585684,3.1084577764783585,0.31
3.0416388785683197,0.31245698554714385,2.9716950961521693,0.3271428571428571
3.0148037813978203,0.31830695113558155,2.962386075428554,0.32857142857142857
2.910635145959244,0.3272539573296628,2.8832802976880756,0.3357142857142857
2.8621204188176868,0.33964211975223674,2.863574642453875,0.3385714285714286
2.7933393327105236,0.35030970406056433,2.7834108706883023,0.36
2.775839935560023,0.3620096352374398,2.7359996155330113,0.3657142857142857
2.7511943805980748,0.3571920165175499,2.73996306010655,0.36714285714285716
2.6684929988175856,0.3716448726772196,2.6987007372719902,0.37142857142857144
2.644752834061467,0.37715072264280797,2.6535734953199115,0.36857142857142855
2.6153648449319524,0.37818306951135583,2.65461774962289,0.38285714285714284
2.5908939625096172,0.39504473503097043,2.635228885923113,0.37714285714285717
2.53327707807852,0.3885065381968341,2.5814322117396764,0.38571428571428573
2.4691071738396033,0.40846524432209225,2.5849362577710835,0.39714285714285713
2.461692420679868,0.40364762560220235,2.578104837962559,0.39285714285714285
2.4444002396307236,0.4015829318651067,2.520326223373413,0.4
2.3734047644235146,0.428079834824501,2.5456238760266987,0.39714285714285713
2.4222012030528646,0.4146593255333792,2.5315932846069336,0.4057142857142857
2.3750451311766487,0.4150034411562285,2.4998333263397217,0.39714285714285713
2.3626161104059187,0.42601514108740535,2.466601253237043,0.4057142857142857
2.327958072864509,0.4318651066758431,2.4688723509652273,0.4142857142857143
2.273758217948761,0.4377150722642808,2.4523396383013045,0.41714285714285715
2.2636230080519884,0.45044735030970406,2.456195283617292,0.39714285714285713
2.2858775318366287,0.43702684101858225,2.4366944749014716,0.4185714285714286
2.2291569373399245,0.45044735030970406,2.430452974864415,0.4185714285714286
2.231764686575284,0.4497591190640055,2.420108014515468,0.4085714285714286
2.172424470073834,0.46249139710942877,2.4099440847124374,0.41714285714285715
2.166582150862944,0.4679972470750172,2.4163276726858958,0.4014285714285714
2.180916343814984,0.4580178940123882,2.431222505569458,0.41
2.1620401244941285,0.46937370956641433,2.3959888798849924,0.43
2.1561785838723755,0.46214728148657946,2.3787990610940115,0.4342857142857143
2.115615107811326,0.4741913282863042,2.4069157654898508,0.4057142857142857
2.1203365147072777,0.4769442532690984,2.376166259220668,0.4142857142857143
2.071186584681375,0.4796971782518926,2.401604927607945,0.4228571428571429
2.111583729735425,0.4745354439091535,2.417324296406337,0.4185714285714286
2.095773967314981,0.4738472126634549,2.4083300290788925,0.4114285714285714
2.0677061373007684,0.4858912594631796,2.378514051437378,0.4228571428571429
2.072769985474641,0.4858912594631796,2.3872493961879186,0.4228571428571429
2.105043645735371,0.46593255333792155,2.4096949836186,0.42142857142857143
2.0949438435409453,0.48141775636613904,2.390825379235404,0.42
2.090168926687956,0.4728148657949071,2.405701563698905,0.43
2.1082341072892454,0.46558843771507225,2.420158839906965,0.4157142857142857
1.9240227533223624,0.5079146593255334,1.913753329685756,0.53
1.6505442862664923,0.5767377838953889,1.735685464314052,0.5728571428571428
1.515257030540881,0.604267033723331,1.5840466206414359,0.6185714285714285
1.3640524463167867,0.6593255333792154,1.4870259066990443,0.6342857142857142
1.2927496611292577,0.660013764624914,1.4206260343960353,0.6485714285714286
1.2133709291548707,0.6889194769442533,1.3610922040258135,0.6657142857142857
1.1568746027746286,0.7099105299380591,1.3235502180031369,0.6771428571428572
1.0962449554238578,0.7202339986235375,1.237972629070282,0.7128571428571429
1.0689930499461464,0.7350309704060565,1.2100896619047437,0.7085714285714285
0.9843734768613486,0.7474191328286304,1.1639303481578827,0.72
0.9241291743594864,0.776668960770819,1.1325458226885114,0.73
0.9021987191004665,0.7763248451479697,1.1060542282036372,0.7385714285714285
0.846457248749769,0.7980041293874742,1.0794665660176959,0.7371428571428571
0.8242114603478418,0.8035099793530627,1.0615700047356742,0.7385714285714285
0.7880178063964318,0.8152099105299381,1.0288943543604443,0.7471428571428571
0.742603968728926,0.8224363386097728,0.9883018843616758,0.76
0.7319263414686824,0.8255333792154164,0.9925422065598624,0.7685714285714286
0.72290714740425,0.8351686166551961,0.9441556876897812,0.7742857142857142
0.6711221434540037,0.8509979353062629,0.9360416000229972,0.7828571428571428
0.6569462419786867,0.8499655884377151,0.9308229365519115,0.7814285714285715
0.5958840609499281,0.8675154852030282,0.8953911604200091,0.7857142857142857
0.5961236100892567,0.8716448726772196,0.8902683680398124,0.7971428571428572
0.6075856858340117,0.8630419821059876,0.8807881874697548,0.7942857142857143
0.567880562027815,0.8764624913971094,0.8677569505146572,0.8028571428571428
0.5537941660744851,0.8843771507226428,0.8442993232182094,0.81
0.5444168189190538,0.8902271163110805,0.8269618213176727,0.7971428571428572
0.5199443985081835,0.8916035788024776,0.8125284046786172,0.8171428571428572
0.5140869326412637,0.8898830006882312,0.8090920808485577,0.8185714285714286
0.4864739185149146,0.9064005505849966,0.8208010583264487,0.81
0.505754241533962,0.891947694425327,0.8095322736671993,0.81
0.46863928611575534,0.9039917412250517,0.8015893437181201,0.8171428571428572
0.46844693288176287,0.9077770130763937,0.8002464465584074,0.8071428571428572
0.44303228624590657,0.9108740536820371,0.8074360345091138,0.8
0.44625812594593595,0.9074328974535444,0.7808368983439037,0.82
0.4521649056931487,0.9064005505849966,0.7836061515978404,0.8142857142857143
0.41365736333239267,0.9215416379903648,0.7739350693566459,0.8171428571428572
0.4315282520924612,0.9112181693048864,0.7722051463808333,0.8185714285714286
0.4256303115028065,0.9215416379903648,0.7758816544498716,0.8171428571428572
0.44020437812772356,0.9156916724019271,0.7603899301801409,0.8128571428571428
0.4077331367969841,0.9222298692360633,0.7647481461082186,0.81
0.40537253561630304,0.9298004129387474,0.7566984401430402,0.81
0.3973399962709431,0.9294562973158982,0.7485904252529144,0.8271428571428572
0.41192955902668005,0.9229181004817619,0.753001782638686,0.8171428571428572
0.40610258079198663,0.9225739848589126,0.7446805548667907,0.8214285714285714
0.39836337700927166,0.9322092222986924,0.7565158011232104,0.82
0.40744708678431946,0.9229181004817619,0.752138894370624,0.8185714285714286
0.4225826495611003,0.9098417068134893,0.7525326078278678,0.8228571428571428
0.39225350969508854,0.9229181004817619,0.7548645828451429,0.8214285714285714
0.4059210002873572,0.9229181004817619,0.7496422786372049,0.82
0.4126827891169953,0.9242945629731589,0.7517227567945208,0.8214285714285714
